step,gap_px,smaller_group_pct,spread_px
1,15.6,50,6.7
2,15.2,50,6.3
3,5.1,38,2.1
4,4.2,31,1.7
5,3.7,31,1.5
6,3.4,31,1.4
7,2.8,44,1.3
8,2.6,31,1.3
9,2.7,25,1.2
10,2.7,25,1.3
11,2.3,38,1.2
12,2.2,44,1.2
13,2.2,44,1.2
14,2.4,50,1.3
15,2.8,50,1.4
16,3.3,44,1.6
17,3.9,38,1.7
18,5.4,31,2.1
19,6.3,38,2.5
20,6.2,38,2.5
21,6.9,38,2.8
22,6.8,38,2.8
23,5.6,44,2.4
24,3.5,44,1.6
25,2.0,31,1.1
26,1.9,31,1.0
27,1.8,31,0.9
28,1.9,25,0.8
29,1.9,25,0.8
30,1.9,25,0.8
31,1.8,25,0.8
32,1.8,25,0.7
33,2.0,19,0.7
34,1.6,31,0.8
35,2.1,44,1.1
36,2.4,38,1.2
37,19.6,19,4.9
38,2.1,50,1.1
39,3.1,50,1.5
40,4.4,44,2.0
41,5.0,44,2.0
42,4.4,38,1.8
43,4.0,50,1.9
44,5.1,50,2.2
45,5.9,44,2.4
46,7.8,44,2.8
47,9.2,44,3.8
48,10.6,31,3.7
49,6.8,38,2.4
50,5.1,38,1.7
51,3.9,38,1.5
52,2.9,38,1.3
53,2.4,38,1.1
54,2.1,31,1.1
55,2.1,31,1.1
56,2.2,31,1.0
57,2.0,31,1.0
58,1.9,31,1.0
59,1.6,44,0.9
60,1.9,19,0.9
61,2.0,19,0.9
62,2.1,19,0.9
63,1.7,38,0.9
64,1.6,38,0.9
